{"global_step": 62286, "_timestamp": 1706908350.175568, "_runtime": 2741.228418111801, "_step": 3006, "charts/episodic_return": 11.840459823608398, "charts/episodic_length": 14.0, "losses/qf1_values": 36.82293701171875, "losses/qf2_values": 36.426963806152344, "losses/qf1_loss": 12.573805809020996, "losses/qf2_loss": 11.770857810974121, "losses/qf_loss": 12.172331809997559, "losses/TD_target": 36.532752990722656, "losses/alpha": 0.05000000074505806, "charts/SPS": 22.0, "_wandb": {"runtime": 2760}}