{"global_step": 26709, "_timestamp": 1706909594.631056, "_runtime": 1211.9814541339874, "_step": 1156, "charts/episodic_return": 48.297481536865234, "charts/episodic_length": 29.0, "losses/qf1_values": 62.08855438232422, "losses/qf2_values": 62.458126068115234, "losses/qf1_loss": 29.902061462402344, "losses/qf2_loss": 96.04768371582031, "losses/qf_loss": 62.97487258911133, "losses/TD_target": 62.48674774169922, "losses/alpha": 1.0, "charts/SPS": 22.0, "_wandb": {"runtime": 1227}}