{"global_step": 8977, "_timestamp": 1706909985.151247, "_runtime": 217.2882800102234, "_step": 433, "charts/episodic_return": 105.42391204833984, "charts/episodic_length": 62.0, "losses/qf1_values": 68.229736328125, "losses/qf2_values": 69.15926361083984, "losses/qf1_loss": 82.0167236328125, "losses/qf2_loss": 78.57499694824219, "losses/qf_loss": 80.29586029052734, "losses/TD_target": 69.25068664550781, "losses/alpha": 1.0, "charts/SPS": 45.0, "_wandb": {"runtime": 217}}